fe569cce-6056-11f0-9e9a-b189fb7a50d0.png,1,screengrabs
fe9610ac-6056-11f0-9e9a-b189fb7a50d0.png,2,screengrabs
fee17f42-6056-11f0-9e9a-b189fb7a50d0.png,3,screengrabs
ff2f0e4c-6056-11f0-9e9a-b189fb7a50d0.png,4,screengrabs
ff7b8a4c-6056-11f0-9e9a-b189fb7a50d0.png,5,screengrabs
ffc71e8a-6056-11f0-9e9a-b189fb7a50d0.png,1,screengrabs
0012dde8-6057-11f0-9e9a-b189fb7a50d0.png,2,screengrabs
00602efe-6057-11f0-9e9a-b189fb7a50d0.png,3,screengrabs
00acc91c-6057-11f0-9e9a-b189fb7a50d0.png,4,screengrabs
00f79870-6057-11f0-9e9a-b189fb7a50d0.png,5,screengrabs
0144e54e-6057-11f0-9e9a-b189fb7a50d0.png,1,screengrabs
01921f08-6057-11f0-9e9a-b189fb7a50d0.png,2,screengrabs
01dcdcd2-6057-11f0-9e9a-b189fb7a50d0.png,3,screengrabs
022a2dfc-6057-11f0-9e9a-b189fb7a50d0.png,4,screengrabs
0276b474-6057-11f0-9e9a-b189fb7a50d0.png,5,screengrabs
02c32e26-6057-11f0-9e9a-b189fb7a50d0.png,1,screengrabs
030f2556-6057-11f0-9e9a-b189fb7a50d0.png,2,screengrabs
035b6056-6057-11f0-9e9a-b189fb7a50d0.png,3,screengrabs
03a6fb9c-6057-11f0-9e9a-b189fb7a50d0.png,4,screengrabs
03f3b324-6057-11f0-9e9a-b189fb7a50d0.png,5,screengrabs
043fe078-6057-11f0-9e9a-b189fb7a50d0.png,1,screengrabs
048bafd0-6057-11f0-9e9a-b189fb7a50d0.png,2,screengrabs
04d7a214-6057-11f0-9e9a-b189fb7a50d0.png,3,screengrabs
05254ac8-6057-11f0-9e9a-b189fb7a50d0.png,4,screengrabs
05701e7c-6057-11f0-9e9a-b189fb7a50d0.png,5,screengrabs
05bc4158-6057-11f0-9e9a-b189fb7a50d0.png,1,screengrabs
06096da2-6057-11f0-9e9a-b189fb7a50d0.png,2,screengrabs
06559d44-6057-11f0-9e9a-b189fb7a50d0.png,3,screengrabs
06a2204c-6057-11f0-9e9a-b189fb7a50d0.png,4,screengrabs
06ef3062-6057-11f0-9e9a-b189fb7a50d0.png,5,screengrabs
073abde8-6057-11f0-9e9a-b189fb7a50d0.png,1,screengrabs
0785f7cc-6057-11f0-9e9a-b189fb7a50d0.png,2,screengrabs
07d3f7ba-6057-11f0-9e9a-b189fb7a50d0.png,3,screengrabs
081df5d6-6057-11f0-9e9a-b189fb7a50d0.png,4,screengrabs
086c5424-6057-11f0-9e9a-b189fb7a50d0.png,5,screengrabs
08b7a082-6057-11f0-9e9a-b189fb7a50d0.png,1,screengrabs
09036152-6057-11f0-9e9a-b189fb7a50d0.png,2,screengrabs
09512ea0-6057-11f0-9e9a-b189fb7a50d0.png,3,screengrabs
099d1d1a-6057-11f0-9e9a-b189fb7a50d0.png,4,screengrabs
09ea5094-6057-11f0-9e9a-b189fb7a50d0.png,5,screengrabs
0a35ef86-6057-11f0-9e9a-b189fb7a50d0.png,1,screengrabs
0a80eebe-6057-11f0-9e9a-b189fb7a50d0.png,2,screengrabs
0accd6ee-6057-11f0-9e9a-b189fb7a50d0.png,3,screengrabs
0b1af61c-6057-11f0-9e9a-b189fb7a50d0.png,4,screengrabs
0b67d6ee-6057-11f0-9e9a-b189fb7a50d0.png,5,screengrabs
0bb31b5e-6057-11f0-9e9a-b189fb7a50d0.png,1,screengrabs
0bff1c52-6057-11f0-9e9a-b189fb7a50d0.png,2,screengrabs
0c4bfc2a-6057-11f0-9e9a-b189fb7a50d0.png,3,screengrabs
0c96712e-6057-11f0-9e9a-b189fb7a50d0.png,4,screengrabs
0ce2e1ee-6057-11f0-9e9a-b189fb7a50d0.png,5,screengrabs
0d30ad0c-6057-11f0-9e9a-b189fb7a50d0.png,1,screengrabs
0d7ce8b6-6057-11f0-9e9a-b189fb7a50d0.png,2,screengrabs
0dc7af22-6057-11f0-9e9a-b189fb7a50d0.png,3,screengrabs
0e1655fa-6057-11f0-9e9a-b189fb7a50d0.png,4,screengrabs
0e61ccd8-6057-11f0-9e9a-b189fb7a50d0.png,5,screengrabs
0eaddf1a-6057-11f0-9e9a-b189fb7a50d0.png,1,screengrabs
0efae95e-6057-11f0-9e9a-b189fb7a50d0.png,2,screengrabs
0f463904-6057-11f0-9e9a-b189fb7a50d0.png,3,screengrabs
0f92a82a-6057-11f0-9e9a-b189fb7a50d0.png,4,screengrabs
0fdfe342-6057-11f0-9e9a-b189fb7a50d0.png,5,screengrabs
102c3fd0-6057-11f0-9e9a-b189fb7a50d0.png,1,screengrabs
10778abc-6057-11f0-9e9a-b189fb7a50d0.png,2,screengrabs
10c2a704-6057-11f0-9e9a-b189fb7a50d0.png,3,screengrabs
1110f2d8-6057-11f0-9e9a-b189fb7a50d0.png,4,screengrabs
115d0f74-6057-11f0-9e9a-b189fb7a50d0.png,5,screengrabs
11aa46ea-6057-11f0-9e9a-b189fb7a50d0.png,1,screengrabs
11f57aa2-6057-11f0-9e9a-b189fb7a50d0.png,2,screengrabs
124159cc-6057-11f0-9e9a-b189fb7a50d0.png,3,screengrabs
128e3710-6057-11f0-9e9a-b189fb7a50d0.png,4,screengrabs
12da735a-6057-11f0-9e9a-b189fb7a50d0.png,5,screengrabs
1326e906-6057-11f0-9e9a-b189fb7a50d0.png,1,screengrabs
13733b9e-6057-11f0-9e9a-b189fb7a50d0.png,2,screengrabs
13be120e-6057-11f0-9e9a-b189fb7a50d0.png,3,screengrabs
140a9be2-6057-11f0-9e9a-b189fb7a50d0.png,4,screengrabs
14578ea2-6057-11f0-9e9a-b189fb7a50d0.png,5,screengrabs
14a3ba48-6057-11f0-9e9a-b189fb7a50d0.png,1,screengrabs
14f05858-6057-11f0-9e9a-b189fb7a50d0.png,2,screengrabs
153c132e-6057-11f0-9e9a-b189fb7a50d0.png,3,screengrabs
1588c3b8-6057-11f0-9e9a-b189fb7a50d0.png,4,screengrabs
15d44c66-6057-11f0-9e9a-b189fb7a50d0.png,5,screengrabs
162126c6-6057-11f0-9e9a-b189fb7a50d0.png,1,screengrabs
166c24dc-6057-11f0-9e9a-b189fb7a50d0.png,2,screengrabs
16b9252a-6057-11f0-9e9a-b189fb7a50d0.png,3,screengrabs
1706a73c-6057-11f0-9e9a-b189fb7a50d0.png,4,screengrabs
1752bd52-6057-11f0-9e9a-b189fb7a50d0.png,5,screengrabs
179f41d6-6057-11f0-9e9a-b189fb7a50d0.png,1,screengrabs
17eb29c0-6057-11f0-9e9a-b189fb7a50d0.png,2,screengrabs
18370656-6057-11f0-9e9a-b189fb7a50d0.png,3,screengrabs
1882defa-6057-11f0-9e9a-b189fb7a50d0.png,4,screengrabs
18d075b6-6057-11f0-9e9a-b189fb7a50d0.png,5,screengrabs
191d273a-6057-11f0-9e9a-b189fb7a50d0.png,1,screengrabs
1968dc2a-6057-11f0-9e9a-b189fb7a50d0.png,2,screengrabs
19b4282e-6057-11f0-9e9a-b189fb7a50d0.png,3,screengrabs
1a0144ec-6057-11f0-9e9a-b189fb7a50d0.png,4,screengrabs
1a4ce3c0-6057-11f0-9e9a-b189fb7a50d0.png,5,screengrabs
1a9a0bbe-6057-11f0-9e9a-b189fb7a50d0.png,1,screengrabs
1ae87038-6057-11f0-9e9a-b189fb7a50d0.png,2,screengrabs
1b32c5e8-6057-11f0-9e9a-b189fb7a50d0.png,3,screengrabs
1b7eeb8a-6057-11f0-9e9a-b189fb7a50d0.png,4,screengrabs
1bcbbb18-6057-11f0-9e9a-b189fb7a50d0.png,5,screengrabs
1c173e8a-6057-11f0-9e9a-b189fb7a50d0.png,1,screengrabs
1c680fea-6057-11f0-9e9a-b189fb7a50d0.png,2,screengrabs
1caf02ce-6057-11f0-9e9a-b189fb7a50d0.png,3,screengrabs
1cfc16c2-6057-11f0-9e9a-b189fb7a50d0.png,4,screengrabs
1d48ccce-6057-11f0-9e9a-b189fb7a50d0.png,5,screengrabs
1d95684a-6057-11f0-9e9a-b189fb7a50d0.png,1,screengrabs
1de173f2-6057-11f0-9e9a-b189fb7a50d0.png,2,screengrabs
1e2d9d5e-6057-11f0-9e9a-b189fb7a50d0.png,3,screengrabs
1e79a0d2-6057-11f0-9e9a-b189fb7a50d0.png,4,screengrabs
1ec5b8aa-6057-11f0-9e9a-b189fb7a50d0.png,5,screengrabs
1f160f6c-6057-11f0-9e9a-b189fb7a50d0.png,1,screengrabs
1f6220b4-6057-11f0-9e9a-b189fb7a50d0.png,2,screengrabs
1fabd650-6057-11f0-9e9a-b189fb7a50d0.png,3,screengrabs
1ff6f270-6057-11f0-9e9a-b189fb7a50d0.png,4,screengrabs
2042b714-6057-11f0-9e9a-b189fb7a50d0.png,5,screengrabs
208f9a48-6057-11f0-9e9a-b189fb7a50d0.png,1,screengrabs
20dc6f94-6057-11f0-9e9a-b189fb7a50d0.png,2,screengrabs
2128166a-6057-11f0-9e9a-b189fb7a50d0.png,3,screengrabs
2174c71c-6057-11f0-9e9a-b189fb7a50d0.png,4,screengrabs
21c069d8-6057-11f0-9e9a-b189fb7a50d0.png,5,screengrabs
220d1864-6057-11f0-9e9a-b189fb7a50d0.png,1,screengrabs
225a4e36-6057-11f0-9e9a-b189fb7a50d0.png,2,screengrabs
22a52b90-6057-11f0-9e9a-b189fb7a50d0.png,3,screengrabs
22f2aa14-6057-11f0-9e9a-b189fb7a50d0.png,4,screengrabs
233eb2ce-6057-11f0-9e9a-b189fb7a50d0.png,5,screengrabs
238a5850-6057-11f0-9e9a-b189fb7a50d0.png,1,screengrabs
23d7c8b0-6057-11f0-9e9a-b189fb7a50d0.png,2,screengrabs
2422cf5e-6057-11f0-9e9a-b189fb7a50d0.png,3,screengrabs
246f86a0-6057-11f0-9e9a-b189fb7a50d0.png,4,screengrabs
24bcaebc-6057-11f0-9e9a-b189fb7a50d0.png,5,screengrabs
250680aa-6057-11f0-9e9a-b189fb7a50d0.png,1,screengrabs
2553c91e-6057-11f0-9e9a-b189fb7a50d0.png,2,screengrabs
25a04550-6057-11f0-9e9a-b189fb7a50d0.png,3,screengrabs
25ec4298-6057-11f0-9e9a-b189fb7a50d0.png,4,screengrabs
2637f6de-6057-11f0-9e9a-b189fb7a50d0.png,5,screengrabs
26867bce-6057-11f0-9e9a-b189fb7a50d0.png,1,screengrabs
26d0e0b0-6057-11f0-9e9a-b189fb7a50d0.png,2,screengrabs
271d3eec-6057-11f0-9e9a-b189fb7a50d0.png,3,screengrabs
276ddafa-6057-11f0-9e9a-b189fb7a50d0.png,4,screengrabs
27b5ba96-6057-11f0-9e9a-b189fb7a50d0.png,5,screengrabs
2803cec0-6057-11f0-9e9a-b189fb7a50d0.png,1,screengrabs
284fb3da-6057-11f0-9e9a-b189fb7a50d0.png,2,screengrabs
2899f0e4-6057-11f0-9e9a-b189fb7a50d0.png,3,screengrabs
28e89b2c-6057-11f0-9e9a-b189fb7a50d0.png,4,screengrabs
293540c6-6057-11f0-9e9a-b189fb7a50d0.png,5,screengrabs
29815290-6057-11f0-9e9a-b189fb7a50d0.png,1,screengrabs
29ce3d94-6057-11f0-9e9a-b189fb7a50d0.png,2,screengrabs
2a19d57e-6057-11f0-9e9a-b189fb7a50d0.png,3,screengrabs
2a6526dc-6057-11f0-9e9a-b189fb7a50d0.png,4,screengrabs
2ab4fdce-6057-11f0-9e9a-b189fb7a50d0.png,5,screengrabs
2afc5fa2-6057-11f0-9e9a-b189fb7a50d0.png,1,screengrabs
2b47f098-6057-11f0-9e9a-b189fb7a50d0.png,2,screengrabs
2b983fe4-6057-11f0-9e9a-b189fb7a50d0.png,3,screengrabs
2be2fca0-6057-11f0-9e9a-b189fb7a50d0.png,4,screengrabs
2c2e0b78-6057-11f0-9e9a-b189fb7a50d0.png,5,screengrabs
2c7c2808-6057-11f0-9e9a-b189fb7a50d0.png,1,screengrabs
2ccb2d36-6057-11f0-9e9a-b189fb7a50d0.png,2,screengrabs
2d1424aa-6057-11f0-9e9a-b189fb7a50d0.png,3,screengrabs
2d610ef0-6057-11f0-9e9a-b189fb7a50d0.png,4,screengrabs
2dab9a74-6057-11f0-9e9a-b189fb7a50d0.png,5,screengrabs
2df9749c-6057-11f0-9e9a-b189fb7a50d0.png,1,screengrabs
2e4598e0-6057-11f0-9e9a-b189fb7a50d0.png,2,screengrabs
2e915ee2-6057-11f0-9e9a-b189fb7a50d0.png,3,screengrabs
2eddd42a-6057-11f0-9e9a-b189fb7a50d0.png,4,screengrabs
2f2a528c-6057-11f0-9e9a-b189fb7a50d0.png,5,screengrabs
2f76bd34-6057-11f0-9e9a-b189fb7a50d0.png,1,screengrabs
2fc16dc0-6057-11f0-9e9a-b189fb7a50d0.png,2,screengrabs
300e7890-6057-11f0-9e9a-b189fb7a50d0.png,3,screengrabs
305bbd58-6057-11f0-9e9a-b189fb7a50d0.png,4,screengrabs
30a7dd50-6057-11f0-9e9a-b189fb7a50d0.png,5,screengrabs
30f29804-6057-11f0-9e9a-b189fb7a50d0.png,1,screengrabs
314077b8-6057-11f0-9e9a-b189fb7a50d0.png,2,screengrabs
318d23b0-6057-11f0-9e9a-b189fb7a50d0.png,3,screengrabs
31d9350c-6057-11f0-9e9a-b189fb7a50d0.png,4,screengrabs
3225c886-6057-11f0-9e9a-b189fb7a50d0.png,5,screengrabs
32713352-6057-11f0-9e9a-b189fb7a50d0.png,1,screengrabs
32bca9ae-6057-11f0-9e9a-b189fb7a50d0.png,2,screengrabs
3309a04c-6057-11f0-9e9a-b189fb7a50d0.png,3,screengrabs
3356fd60-6057-11f0-9e9a-b189fb7a50d0.png,4,screengrabs
33a30070-6057-11f0-9e9a-b189fb7a50d0.png,5,screengrabs
33f018c4-6057-11f0-9e9a-b189fb7a50d0.png,1,screengrabs
343b33ae-6057-11f0-9e9a-b189fb7a50d0.png,2,screengrabs
3487ea8c-6057-11f0-9e9a-b189fb7a50d0.png,3,screengrabs
34d443d2-6057-11f0-9e9a-b189fb7a50d0.png,4,screengrabs
3520214e-6057-11f0-9e9a-b189fb7a50d0.png,5,screengrabs
356c44fc-6057-11f0-9e9a-b189fb7a50d0.png,1,screengrabs
35b92be6-6057-11f0-9e9a-b189fb7a50d0.png,2,screengrabs
36033920-6057-11f0-9e9a-b189fb7a50d0.png,3,screengrabs
36512d56-6057-11f0-9e9a-b189fb7a50d0.png,4,screengrabs
369dde80-6057-11f0-9e9a-b189fb7a50d0.png,5,screengrabs
36e9febe-6057-11f0-9e9a-b189fb7a50d0.png,1,screengrabs
3735a3aa-6057-11f0-9e9a-b189fb7a50d0.png,2,screengrabs
3782d364-6057-11f0-9e9a-b189fb7a50d0.png,3,screengrabs
37cf707a-6057-11f0-9e9a-b189fb7a50d0.png,4,screengrabs
381b2e34-6057-11f0-9e9a-b189fb7a50d0.png,5,screengrabs
3867606a-6057-11f0-9e9a-b189fb7a50d0.png,1,screengrabs
38b419b4-6057-11f0-9e9a-b189fb7a50d0.png,2,screengrabs
3900abb2-6057-11f0-9e9a-b189fb7a50d0.png,3,screengrabs
394ca756-6057-11f0-9e9a-b189fb7a50d0.png,4,screengrabs
39984918-6057-11f0-9e9a-b189fb7a50d0.png,5,screengrabs
39e4efb6-6057-11f0-9e9a-b189fb7a50d0.png,1,screengrabs
3a31c44e-6057-11f0-9e9a-b189fb7a50d0.png,2,screengrabs
3a7ac6bc-6057-11f0-9e9a-b189fb7a50d0.png,3,screengrabs
3aca01a0-6057-11f0-9e9a-b189fb7a50d0.png,4,screengrabs
3b152482-6057-11f0-9e9a-b189fb7a50d0.png,5,screengrabs
3b6287a4-6057-11f0-9e9a-b189fb7a50d0.png,1,screengrabs
3baee8a6-6057-11f0-9e9a-b189fb7a50d0.png,2,screengrabs
3bfab560-6057-11f0-9e9a-b189fb7a50d0.png,3,screengrabs
3c47ffb4-6057-11f0-9e9a-b189fb7a50d0.png,4,screengrabs
3c940d28-6057-11f0-9e9a-b189fb7a50d0.png,5,screengrabs
3ce00480-6057-11f0-9e9a-b189fb7a50d0.png,1,screengrabs
3d2cc27a-6057-11f0-9e9a-b189fb7a50d0.png,2,screengrabs
3d7a37b2-6057-11f0-9e9a-b189fb7a50d0.png,3,screengrabs
3dc46800-6057-11f0-9e9a-b189fb7a50d0.png,4,screengrabs
3e11e486-6057-11f0-9e9a-b189fb7a50d0.png,5,screengrabs
3e5b08d2-6057-11f0-9e9a-b189fb7a50d0.png,1,screengrabs
3eaaad06-6057-11f0-9e9a-b189fb7a50d0.png,2,screengrabs
3ef581f0-6057-11f0-9e9a-b189fb7a50d0.png,3,screengrabs
3f41f35a-6057-11f0-9e9a-b189fb7a50d0.png,4,screengrabs
3f8c7bd2-6057-11f0-9e9a-b189fb7a50d0.png,5,screengrabs
3fdad96c-6057-11f0-9e9a-b189fb7a50d0.png,1,screengrabs
4026c520-6057-11f0-9e9a-b189fb7a50d0.png,2,screengrabs
4073a00c-6057-11f0-9e9a-b189fb7a50d0.png,3,screengrabs
40c0088e-6057-11f0-9e9a-b189fb7a50d0.png,4,screengrabs
410c226e-6057-11f0-9e9a-b189fb7a50d0.png,5,screengrabs
41580828-6057-11f0-9e9a-b189fb7a50d0.png,1,screengrabs
41a4f084-6057-11f0-9e9a-b189fb7a50d0.png,2,screengrabs
41f09bc4-6057-11f0-9e9a-b189fb7a50d0.png,3,screengrabs
423dbb2a-6057-11f0-9e9a-b189fb7a50d0.png,4,screengrabs
428982f8-6057-11f0-9e9a-b189fb7a50d0.png,5,screengrabs
42d50066-6057-11f0-9e9a-b189fb7a50d0.png,1,screengrabs
4321496c-6057-11f0-9e9a-b189fb7a50d0.png,2,screengrabs
436e22b4-6057-11f0-9e9a-b189fb7a50d0.png,3,screengrabs
43badb9a-6057-11f0-9e9a-b189fb7a50d0.png,4,screengrabs
44047822-6057-11f0-9e9a-b189fb7a50d0.png,5,screengrabs
44536c70-6057-11f0-9e9a-b189fb7a50d0.png,1,screengrabs
44a1323e-6057-11f0-9e9a-b189fb7a50d0.png,2,screengrabs
44eb5e5e-6057-11f0-9e9a-b189fb7a50d0.png,3,screengrabs
4538a100-6057-11f0-9e9a-b189fb7a50d0.png,4,screengrabs
4584bce8-6057-11f0-9e9a-b189fb7a50d0.png,5,screengrabs
45d19ad6-6057-11f0-9e9a-b189fb7a50d0.png,1,screengrabs
461d2280-6057-11f0-9e9a-b189fb7a50d0.png,2,screengrabs
466b23a4-6057-11f0-9e9a-b189fb7a50d0.png,3,screengrabs
46b5434e-6057-11f0-9e9a-b189fb7a50d0.png,4,screengrabs
4701a432-6057-11f0-9e9a-b189fb7a50d0.png,5,screengrabs
474e23f2-6057-11f0-9e9a-b189fb7a50d0.png,1,screengrabs
479ad9d6-6057-11f0-9e9a-b189fb7a50d0.png,2,screengrabs
47e6d610-6057-11f0-9e9a-b189fb7a50d0.png,3,screengrabs
4833420c-6057-11f0-9e9a-b189fb7a50d0.png,4,screengrabs
48806474-6057-11f0-9e9a-b189fb7a50d0.png,5,screengrabs
48cc7a8a-6057-11f0-9e9a-b189fb7a50d0.png,1,screengrabs
4917f9f6-6057-11f0-9e9a-b189fb7a50d0.png,2,screengrabs
49659260-6057-11f0-9e9a-b189fb7a50d0.png,3,screengrabs
49b35bd0-6057-11f0-9e9a-b189fb7a50d0.png,4,screengrabs
49fcbadc-6057-11f0-9e9a-b189fb7a50d0.png,5,screengrabs
4a49e640-6057-11f0-9e9a-b189fb7a50d0.png,1,screengrabs
4a980014-6057-11f0-9e9a-b189fb7a50d0.png,2,screengrabs
4ae20560-6057-11f0-9e9a-b189fb7a50d0.png,3,screengrabs
4b2f99e2-6057-11f0-9e9a-b189fb7a50d0.png,4,screengrabs
4b7c7b54-6057-11f0-9e9a-b189fb7a50d0.png,5,screengrabs
4bc80e16-6057-11f0-9e9a-b189fb7a50d0.png,1,screengrabs
4c13acf4-6057-11f0-9e9a-b189fb7a50d0.png,2,screengrabs
4c612650-6057-11f0-9e9a-b189fb7a50d0.png,3,screengrabs
4cac8bea-6057-11f0-9e9a-b189fb7a50d0.png,4,screengrabs
4cf65cb6-6057-11f0-9e9a-b189fb7a50d0.png,5,screengrabs
4d458c50-6057-11f0-9e9a-b189fb7a50d0.png,1,screengrabs
4d904e66-6057-11f0-9e9a-b189fb7a50d0.png,2,screengrabs
4dde064c-6057-11f0-9e9a-b189fb7a50d0.png,3,screengrabs
4e281f34-6057-11f0-9e9a-b189fb7a50d0.png,4,screengrabs
4e761ea0-6057-11f0-9e9a-b189fb7a50d0.png,5,screengrabs
4ec0c644-6057-11f0-9e9a-b189fb7a50d0.png,1,screengrabs
4f0d7ea8-6057-11f0-9e9a-b189fb7a50d0.png,2,screengrabs
4f5b5f10-6057-11f0-9e9a-b189fb7a50d0.png,3,screengrabs
4fa63c9c-6057-11f0-9e9a-b189fb7a50d0.png,4,screengrabs
4ff334c0-6057-11f0-9e9a-b189fb7a50d0.png,5,screengrabs
503e1df0-6057-11f0-9e9a-b189fb7a50d0.png,1,screengrabs
508c90fc-6057-11f0-9e9a-b189fb7a50d0.png,2,screengrabs
50d729fa-6057-11f0-9e9a-b189fb7a50d0.png,3,screengrabs
5123cf9e-6057-11f0-9e9a-b189fb7a50d0.png,4,screengrabs
516f9b4a-6057-11f0-9e9a-b189fb7a50d0.png,5,screengrabs
51bc7668-6057-11f0-9e9a-b189fb7a50d0.png,1,screengrabs
5208614a-6057-11f0-9e9a-b189fb7a50d0.png,2,screengrabs
525495a6-6057-11f0-9e9a-b189fb7a50d0.png,3,screengrabs
529efab0-6057-11f0-9e9a-b189fb7a50d0.png,4,screengrabs
52ed2a3c-6057-11f0-9e9a-b189fb7a50d0.png,5,screengrabs
5339719e-6057-11f0-9e9a-b189fb7a50d0.png,1,screengrabs
5386b814-6057-11f0-9e9a-b189fb7a50d0.png,2,screengrabs
53d215ca-6057-11f0-9e9a-b189fb7a50d0.png,3,screengrabs
541e3c5c-6057-11f0-9e9a-b189fb7a50d0.png,4,screengrabs
546a6424-6057-11f0-9e9a-b189fb7a50d0.png,5,screengrabs
54b796f4-6057-11f0-9e9a-b189fb7a50d0.png,1,screengrabs
55038064-6057-11f0-9e9a-b189fb7a50d0.png,2,screengrabs
55512f80-6057-11f0-9e9a-b189fb7a50d0.png,3,screengrabs
559c8ab6-6057-11f0-9e9a-b189fb7a50d0.png,4,screengrabs
55e8ad6a-6057-11f0-9e9a-b189fb7a50d0.png,5,screengrabs
5633ed52-6057-11f0-9e9a-b189fb7a50d0.png,1,screengrabs
5681955c-6057-11f0-9e9a-b189fb7a50d0.png,2,screengrabs
56cd2ba2-6057-11f0-9e9a-b189fb7a50d0.png,3,screengrabs
5719ddf8-6057-11f0-9e9a-b189fb7a50d0.png,4,screengrabs
5765e73e-6057-11f0-9e9a-b189fb7a50d0.png,5,screengrabs
57b05684-6057-11f0-9e9a-b189fb7a50d0.png,1,screengrabs
57ff0d2e-6057-11f0-9e9a-b189fb7a50d0.png,2,screengrabs
58499a7e-6057-11f0-9e9a-b189fb7a50d0.png,3,screengrabs
58972eec-6057-11f0-9e9a-b189fb7a50d0.png,4,screengrabs
58e1d46a-6057-11f0-9e9a-b189fb7a50d0.png,5,screengrabs
592f7d0a-6057-11f0-9e9a-b189fb7a50d0.png,1,screengrabs
597c9bf8-6057-11f0-9e9a-b189fb7a50d0.png,2,screengrabs
59c79cde-6057-11f0-9e9a-b189fb7a50d0.png,3,screengrabs
5a150eba-6057-11f0-9e9a-b189fb7a50d0.png,4,screengrabs
5a60d9d0-6057-11f0-9e9a-b189fb7a50d0.png,5,screengrabs
5aad4536-6057-11f0-9e9a-b189fb7a50d0.png,1,screengrabs
5af8c498-6057-11f0-9e9a-b189fb7a50d0.png,2,screengrabs
5b45e05c-6057-11f0-9e9a-b189fb7a50d0.png,3,screengrabs
5b91eb32-6057-11f0-9e9a-b189fb7a50d0.png,4,screengrabs
5be056f0-6057-11f0-9e9a-b189fb7a50d0.png,5,screengrabs
5c2a86e4-6057-11f0-9e9a-b189fb7a50d0.png,1,screengrabs
5c76b046-6057-11f0-9e9a-b189fb7a50d0.png,2,screengrabs
5cc12518-6057-11f0-9e9a-b189fb7a50d0.png,3,screengrabs
5d106362-6057-11f0-9e9a-b189fb7a50d0.png,4,screengrabs
5d5bc7e4-6057-11f0-9e9a-b189fb7a50d0.png,5,screengrabs
5da84394-6057-11f0-9e9a-b189fb7a50d0.png,1,screengrabs
5df49faa-6057-11f0-9e9a-b189fb7a50d0.png,2,screengrabs
5e40756a-6057-11f0-9e9a-b189fb7a50d0.png,3,screengrabs
5e8cc7a8-6057-11f0-9e9a-b189fb7a50d0.png,4,screengrabs
5edab0d0-6057-11f0-9e9a-b189fb7a50d0.png,5,screengrabs
5f25007c-6057-11f0-9e9a-b189fb7a50d0.png,1,screengrabs
5f7111ec-6057-11f0-9e9a-b189fb7a50d0.png,2,screengrabs
5fbcee96-6057-11f0-9e9a-b189fb7a50d0.png,3,screengrabs
6009f196-6057-11f0-9e9a-b189fb7a50d0.png,4,screengrabs
60566abc-6057-11f0-9e9a-b189fb7a50d0.png,5,screengrabs
60a2d4a6-6057-11f0-9e9a-b189fb7a50d0.png,1,screengrabs
60ef1f64-6057-11f0-9e9a-b189fb7a50d0.png,2,screengrabs
613aab82-6057-11f0-9e9a-b189fb7a50d0.png,3,screengrabs
6187a586-6057-11f0-9e9a-b189fb7a50d0.png,4,screengrabs
61d228fe-6057-11f0-9e9a-b189fb7a50d0.png,5,screengrabs
6220868e-6057-11f0-9e9a-b189fb7a50d0.png,1,screengrabs
626d057c-6057-11f0-9e9a-b189fb7a50d0.png,2,screengrabs
62b972d6-6057-11f0-9e9a-b189fb7a50d0.png,3,screengrabs
63052a6e-6057-11f0-9e9a-b189fb7a50d0.png,4,screengrabs
6351a7cc-6057-11f0-9e9a-b189fb7a50d0.png,5,screengrabs
639e1a08-6057-11f0-9e9a-b189fb7a50d0.png,1,screengrabs
63ea5256-6057-11f0-9e9a-b189fb7a50d0.png,2,screengrabs
64383084-6057-11f0-9e9a-b189fb7a50d0.png,3,screengrabs
64846c42-6057-11f0-9e9a-b189fb7a50d0.png,4,screengrabs
64cdee58-6057-11f0-9e9a-b189fb7a50d0.png,5,screengrabs
651b441e-6057-11f0-9e9a-b189fb7a50d0.png,1,screengrabs
6567cde8-6057-11f0-9e9a-b189fb7a50d0.png,2,screengrabs
65b2c9d8-6057-11f0-9e9a-b189fb7a50d0.png,3,screengrabs
65ff8688-6057-11f0-9e9a-b189fb7a50d0.png,4,screengrabs
664d4792-6057-11f0-9e9a-b189fb7a50d0.png,5,screengrabs
6698f8fe-6057-11f0-9e9a-b189fb7a50d0.png,1,screengrabs
66e3e422-6057-11f0-9e9a-b189fb7a50d0.png,2,screengrabs
6733cc94-6057-11f0-9e9a-b189fb7a50d0.png,3,screengrabs
678055f0-6057-11f0-9e9a-b189fb7a50d0.png,4,screengrabs
67cdf026-6057-11f0-9e9a-b189fb7a50d0.png,5,screengrabs
681608e8-6057-11f0-9e9a-b189fb7a50d0.png,1,screengrabs
686437c0-6057-11f0-9e9a-b189fb7a50d0.png,2,screengrabs
68b0980e-6057-11f0-9e9a-b189fb7a50d0.png,3,screengrabs
68fa267c-6057-11f0-9e9a-b189fb7a50d0.png,4,screengrabs
6947e4ca-6057-11f0-9e9a-b189fb7a50d0.png,5,screengrabs
69937304-6057-11f0-9e9a-b189fb7a50d0.png,1,screengrabs
69e0643e-6057-11f0-9e9a-b189fb7a50d0.png,2,screengrabs
6a297908-6057-11f0-9e9a-b189fb7a50d0.png,3,screengrabs
6a79e8e8-6057-11f0-9e9a-b189fb7a50d0.png,4,screengrabs
6ac60f98-6057-11f0-9e9a-b189fb7a50d0.png,5,screengrabs
6b0da718-6057-11f0-9e9a-b189fb7a50d0.png,1,screengrabs
6b5b8776-6057-11f0-9e9a-b189fb7a50d0.png,2,screengrabs
6ba9795e-6057-11f0-9e9a-b189fb7a50d0.png,3,screengrabs
6bf5a48c-6057-11f0-9e9a-b189fb7a50d0.png,4,screengrabs
6c424350-6057-11f0-9e9a-b189fb7a50d0.png,5,screengrabs
6c8fd16a-6057-11f0-9e9a-b189fb7a50d0.png,1,screengrabs
6cdbd02e-6057-11f0-9e9a-b189fb7a50d0.png,2,screengrabs
6d259f74-6057-11f0-9e9a-b189fb7a50d0.png,3,screengrabs
6d7310d8-6057-11f0-9e9a-b189fb7a50d0.png,4,screengrabs
6dbf958e-6057-11f0-9e9a-b189fb7a50d0.png,5,screengrabs
6e0ce578-6057-11f0-9e9a-b189fb7a50d0.png,1,screengrabs
6e5ab83e-6057-11f0-9e9a-b189fb7a50d0.png,2,screengrabs
6ea574e6-6057-11f0-9e9a-b189fb7a50d0.png,3,screengrabs
6ef0b9c4-6057-11f0-9e9a-b189fb7a50d0.png,4,screengrabs
6f3ac244-6057-11f0-9e9a-b189fb7a50d0.png,5,screengrabs
6f8a3c16-6057-11f0-9e9a-b189fb7a50d0.png,1,screengrabs
6fd6cc5c-6057-11f0-9e9a-b189fb7a50d0.png,2,screengrabs
7023d362-6057-11f0-9e9a-b189fb7a50d0.png,3,screengrabs
706d9ae2-6057-11f0-9e9a-b189fb7a50d0.png,4,screengrabs
70baae68-6057-11f0-9e9a-b189fb7a50d0.png,5,screengrabs
71074552-6057-11f0-9e9a-b189fb7a50d0.png,1,screengrabs
71511718-6057-11f0-9e9a-b189fb7a50d0.png,2,screengrabs
71a18eb4-6057-11f0-9e9a-b189fb7a50d0.png,3,screengrabs
71edf70e-6057-11f0-9e9a-b189fb7a50d0.png,4,screengrabs
7237d2d4-6057-11f0-9e9a-b189fb7a50d0.png,5,screengrabs
728552f2-6057-11f0-9e9a-b189fb7a50d0.png,1,screengrabs
72d0d286-6057-11f0-9e9a-b189fb7a50d0.png,2,screengrabs
731e7568-6057-11f0-9e9a-b189fb7a50d0.png,3,screengrabs
73665644-6057-11f0-9e9a-b189fb7a50d0.png,4,screengrabs
73b61e54-6057-11f0-9e9a-b189fb7a50d0.png,5,screengrabs
74024d60-6057-11f0-9e9a-b189fb7a50d0.png,1,screengrabs
744e22da-6057-11f0-9e9a-b189fb7a50d0.png,2,screengrabs
749b17e8-6057-11f0-9e9a-b189fb7a50d0.png,3,screengrabs
74e767a6-6057-11f0-9e9a-b189fb7a50d0.png,4,screengrabs
753456c4-6057-11f0-9e9a-b189fb7a50d0.png,5,screengrabs
757de528-6057-11f0-9e9a-b189fb7a50d0.png,1,screengrabs
75cd960e-6057-11f0-9e9a-b189fb7a50d0.png,2,screengrabs
7618c5ca-6057-11f0-9e9a-b189fb7a50d0.png,3,screengrabs
7663ac8e-6057-11f0-9e9a-b189fb7a50d0.png,4,screengrabs
76b11d3e-6057-11f0-9e9a-b189fb7a50d0.png,5,screengrabs
76fced90-6057-11f0-9e9a-b189fb7a50d0.png,1,screengrabs
77494276-6057-11f0-9e9a-b189fb7a50d0.png,2,screengrabs
7792fd58-6057-11f0-9e9a-b189fb7a50d0.png,3,screengrabs
77e29516-6057-11f0-9e9a-b189fb7a50d0.png,4,screengrabs
782ed8f4-6057-11f0-9e9a-b189fb7a50d0.png,5,screengrabs
787aa040-6057-11f0-9e9a-b189fb7a50d0.png,1,screengrabs
78c7e012-6057-11f0-9e9a-b189fb7a50d0.png,2,screengrabs
791419dc-6057-11f0-9e9a-b189fb7a50d0.png,3,screengrabs
795e8be8-6057-11f0-9e9a-b189fb7a50d0.png,4,screengrabs
79a854e4-6057-11f0-9e9a-b189fb7a50d0.png,5,screengrabs
79f5c01c-6057-11f0-9e9a-b189fb7a50d0.png,1,screengrabs
7a44d30a-6057-11f0-9e9a-b189fb7a50d0.png,2,screengrabs
7a913f2e-6057-11f0-9e9a-b189fb7a50d0.png,3,screengrabs
7adcb2f6-6057-11f0-9e9a-b189fb7a50d0.png,4,screengrabs
7b288280-6057-11f0-9e9a-b189fb7a50d0.png,5,screengrabs
7b768b4c-6057-11f0-9e9a-b189fb7a50d0.png,1,screengrabs
7bc0c2a2-6057-11f0-9e9a-b189fb7a50d0.png,2,screengrabs
7c0f13e4-6057-11f0-9e9a-b189fb7a50d0.png,3,screengrabs
7c59e054-6057-11f0-9e9a-b189fb7a50d0.png,4,screengrabs
7ca6a8b2-6057-11f0-9e9a-b189fb7a50d0.png,5,screengrabs
7cf31dc8-6057-11f0-9e9a-b189fb7a50d0.png,1,screengrabs
7d3eec4e-6057-11f0-9e9a-b189fb7a50d0.png,2,screengrabs
7d8a919e-6057-11f0-9e9a-b189fb7a50d0.png,3,screengrabs
7dd60d7c-6057-11f0-9e9a-b189fb7a50d0.png,4,screengrabs
7e23ac62-6057-11f0-9e9a-b189fb7a50d0.png,5,screengrabs
7e717348-6057-11f0-9e9a-b189fb7a50d0.png,1,screengrabs
7ebbd5aa-6057-11f0-9e9a-b189fb7a50d0.png,2,screengrabs
7f0ae88e-6057-11f0-9e9a-b189fb7a50d0.png,3,screengrabs
7f559578-6057-11f0-9e9a-b189fb7a50d0.png,4,screengrabs
7fa18bfe-6057-11f0-9e9a-b189fb7a50d0.png,5,screengrabs
7fece1a8-6057-11f0-9e9a-b189fb7a50d0.png,1,screengrabs
803c2f74-6057-11f0-9e9a-b189fb7a50d0.png,2,screengrabs
8086944c-6057-11f0-9e9a-b189fb7a50d0.png,3,screengrabs
80d27d6c-6057-11f0-9e9a-b189fb7a50d0.png,4,screengrabs
811dffda-6057-11f0-9e9a-b189fb7a50d0.png,5,screengrabs
816a8666-6057-11f0-9e9a-b189fb7a50d0.png,1,screengrabs
81b6f4f6-6057-11f0-9e9a-b189fb7a50d0.png,2,screengrabs
8203245c-6057-11f0-9e9a-b189fb7a50d0.png,3,screengrabs
824f1538-6057-11f0-9e9a-b189fb7a50d0.png,4,screengrabs
829dbba2-6057-11f0-9e9a-b189fb7a50d0.png,5,screengrabs
82e7d8cc-6057-11f0-9e9a-b189fb7a50d0.png,1,screengrabs
833509b2-6057-11f0-9e9a-b189fb7a50d0.png,2,screengrabs
83803b6c-6057-11f0-9e9a-b189fb7a50d0.png,3,screengrabs
83cd0f64-6057-11f0-9e9a-b189fb7a50d0.png,4,screengrabs
841779dc-6057-11f0-9e9a-b189fb7a50d0.png,5,screengrabs
84661a2e-6057-11f0-9e9a-b189fb7a50d0.png,1,screengrabs
84b1ac8c-6057-11f0-9e9a-b189fb7a50d0.png,2,screengrabs
84feed08-6057-11f0-9e9a-b189fb7a50d0.png,3,screengrabs
854a9db6-6057-11f0-9e9a-b189fb7a50d0.png,4,screengrabs
85972348-6057-11f0-9e9a-b189fb7a50d0.png,5,screengrabs
85e27cf8-6057-11f0-9e9a-b189fb7a50d0.png,1,screengrabs
8630ebea-6057-11f0-9e9a-b189fb7a50d0.png,2,screengrabs
867b8902-6057-11f0-9e9a-b189fb7a50d0.png,3,screengrabs
86c8684e-6057-11f0-9e9a-b189fb7a50d0.png,4,screengrabs
8714a588-6057-11f0-9e9a-b189fb7a50d0.png,5,screengrabs
8761a3b0-6057-11f0-9e9a-b189fb7a50d0.png,1,screengrabs
87aca540-6057-11f0-9e9a-b189fb7a50d0.png,2,screengrabs
87f92afa-6057-11f0-9e9a-b189fb7a50d0.png,3,screengrabs
88452d7e-6057-11f0-9e9a-b189fb7a50d0.png,4,screengrabs
88919362-6057-11f0-9e9a-b189fb7a50d0.png,5,screengrabs
88de810e-6057-11f0-9e9a-b189fb7a50d0.png,1,screengrabs
892a4dc8-6057-11f0-9e9a-b189fb7a50d0.png,2,screengrabs
8975b15a-6057-11f0-9e9a-b189fb7a50d0.png,3,screengrabs
89c34384-6057-11f0-9e9a-b189fb7a50d0.png,4,screengrabs
8a0efad6-6057-11f0-9e9a-b189fb7a50d0.png,5,screengrabs
8a5cde9a-6057-11f0-9e9a-b189fb7a50d0.png,1,screengrabs
8aa7cd06-6057-11f0-9e9a-b189fb7a50d0.png,2,screengrabs
8af4f568-6057-11f0-9e9a-b189fb7a50d0.png,3,screengrabs
8b3fba26-6057-11f0-9e9a-b189fb7a50d0.png,4,screengrabs
8b8c87d4-6057-11f0-9e9a-b189fb7a50d0.png,5,screengrabs
8bd89c3c-6057-11f0-9e9a-b189fb7a50d0.png,1,screengrabs
8c2532e0-6057-11f0-9e9a-b189fb7a50d0.png,2,screengrabs
8c71f814-6057-11f0-9e9a-b189fb7a50d0.png,3,screengrabs
8cbd9f12-6057-11f0-9e9a-b189fb7a50d0.png,4,screengrabs
8d096064-6057-11f0-9e9a-b189fb7a50d0.png,5,screengrabs
8d591d5c-6057-11f0-9e9a-b189fb7a50d0.png,1,screengrabs
8da1e776-6057-11f0-9e9a-b189fb7a50d0.png,2,screengrabs
8deef3ae-6057-11f0-9e9a-b189fb7a50d0.png,3,screengrabs
8e390fd4-6057-11f0-9e9a-b189fb7a50d0.png,4,screengrabs
8e88aa08-6057-11f0-9e9a-b189fb7a50d0.png,5,screengrabs
8ed3d24e-6057-11f0-9e9a-b189fb7a50d0.png,1,screengrabs
8f2025e0-6057-11f0-9e9a-b189fb7a50d0.png,2,screengrabs
8f6c7314-6057-11f0-9e9a-b189fb7a50d0.png,3,screengrabs
8fb925ba-6057-11f0-9e9a-b189fb7a50d0.png,4,screengrabs
90051254-6057-11f0-9e9a-b189fb7a50d0.png,5,screengrabs
90509986-6057-11f0-9e9a-b189fb7a50d0.png,1,screengrabs
909d6cb6-6057-11f0-9e9a-b189fb7a50d0.png,2,screengrabs
90eaba52-6057-11f0-9e9a-b189fb7a50d0.png,3,screengrabs
9135b94e-6057-11f0-9e9a-b189fb7a50d0.png,4,screengrabs
9182b302-6057-11f0-9e9a-b189fb7a50d0.png,5,screengrabs
91ce9056-6057-11f0-9e9a-b189fb7a50d0.png,1,screengrabs
921ba47c-6057-11f0-9e9a-b189fb7a50d0.png,2,screengrabs
926707b4-6057-11f0-9e9a-b189fb7a50d0.png,3,screengrabs
92b4a8d4-6057-11f0-9e9a-b189fb7a50d0.png,4,screengrabs
92ffe222-6057-11f0-9e9a-b189fb7a50d0.png,5,screengrabs
934c5b3e-6057-11f0-9e9a-b189fb7a50d0.png,1,screengrabs
9397d55a-6057-11f0-9e9a-b189fb7a50d0.png,2,screengrabs
93e516e4-6057-11f0-9e9a-b189fb7a50d0.png,3,screengrabs
943164ae-6057-11f0-9e9a-b189fb7a50d0.png,4,screengrabs
947d968a-6057-11f0-9e9a-b189fb7a50d0.png,5,screengrabs
94c9a002-6057-11f0-9e9a-b189fb7a50d0.png,1,screengrabs
95171260-6057-11f0-9e9a-b189fb7a50d0.png,2,screengrabs
95621756-6057-11f0-9e9a-b189fb7a50d0.png,3,screengrabs
95add5a6-6057-11f0-9e9a-b189fb7a50d0.png,4,screengrabs
95fae9f4-6057-11f0-9e9a-b189fb7a50d0.png,5,screengrabs
9647cc1a-6057-11f0-9e9a-b189fb7a50d0.png,1,screengrabs
9693d5a6-6057-11f0-9e9a-b189fb7a50d0.png,2,screengrabs
96e08b08-6057-11f0-9e9a-b189fb7a50d0.png,3,screengrabs
9729bc1a-6057-11f0-9e9a-b189fb7a50d0.png,4,screengrabs
9778c0a8-6057-11f0-9e9a-b189fb7a50d0.png,5,screengrabs
97c46864-6057-11f0-9e9a-b189fb7a50d0.png,1,screengrabs
9812455c-6057-11f0-9e9a-b189fb7a50d0.png,2,screengrabs
985d4b88-6057-11f0-9e9a-b189fb7a50d0.png,3,screengrabs
98a9e222-6057-11f0-9e9a-b189fb7a50d0.png,4,screengrabs
98f5f07c-6057-11f0-9e9a-b189fb7a50d0.png,5,screengrabs
9942918e-6057-11f0-9e9a-b189fb7a50d0.png,1,screengrabs
998e5d8a-6057-11f0-9e9a-b189fb7a50d0.png,2,screengrabs
99db40aa-6057-11f0-9e9a-b189fb7a50d0.png,3,screengrabs
9a2712fa-6057-11f0-9e9a-b189fb7a50d0.png,4,screengrabs
9a73339c-6057-11f0-9e9a-b189fb7a50d0.png,5,screengrabs
9abf89b8-6057-11f0-9e9a-b189fb7a50d0.png,1,screengrabs
9b0cadd8-6057-11f0-9e9a-b189fb7a50d0.png,2,screengrabs
9b573574-6057-11f0-9e9a-b189fb7a50d0.png,3,screengrabs
9ba568e8-6057-11f0-9e9a-b189fb7a50d0.png,4,screengrabs
9bf03e4a-6057-11f0-9e9a-b189fb7a50d0.png,5,screengrabs
9c3d110c-6057-11f0-9e9a-b189fb7a50d0.png,1,screengrabs
9c891a66-6057-11f0-9e9a-b189fb7a50d0.png,2,screengrabs
9cd5f3b8-6057-11f0-9e9a-b189fb7a50d0.png,3,screengrabs
9d22231e-6057-11f0-9e9a-b189fb7a50d0.png,4,screengrabs
9d6e2e1c-6057-11f0-9e9a-b189fb7a50d0.png,5,screengrabs
9db96b02-6057-11f0-9e9a-b189fb7a50d0.png,1,screengrabs
9e0797c8-6057-11f0-9e9a-b189fb7a50d0.png,2,screengrabs
9e53cf80-6057-11f0-9e9a-b189fb7a50d0.png,3,screengrabs
9e9f8e70-6057-11f0-9e9a-b189fb7a50d0.png,4,screengrabs
9eeb20b0-6057-11f0-9e9a-b189fb7a50d0.png,5,screengrabs
9f37df5e-6057-11f0-9e9a-b189fb7a50d0.png,1,screengrabs
9f83ef0c-6057-11f0-9e9a-b189fb7a50d0.png,2,screengrabs
9fd2462a-6057-11f0-9e9a-b189fb7a50d0.png,3,screengrabs
a01bdc36-6057-11f0-9e9a-b189fb7a50d0.png,4,screengrabs
a0698990-6057-11f0-9e9a-b189fb7a50d0.png,5,screengrabs
a0b56004-6057-11f0-9e9a-b189fb7a50d0.png,1,screengrabs
a1019c6c-6057-11f0-9e9a-b189fb7a50d0.png,2,screengrabs
a14d9036-6057-11f0-9e9a-b189fb7a50d0.png,3,screengrabs
a19cd8c6-6057-11f0-9e9a-b189fb7a50d0.png,4,screengrabs
a1e4f6b0-6057-11f0-9e9a-b189fb7a50d0.png,5,screengrabs
a2326b48-6057-11f0-9e9a-b189fb7a50d0.png,1,screengrabs
a27d66c0-6057-11f0-9e9a-b189fb7a50d0.png,2,screengrabs
a2ccc6b6-6057-11f0-9e9a-b189fb7a50d0.png,3,screengrabs
a31742ea-6057-11f0-9e9a-b189fb7a50d0.png,4,screengrabs
a363ad2e-6057-11f0-9e9a-b189fb7a50d0.png,5,screengrabs
a3b051ce-6057-11f0-9e9a-b189fb7a50d0.png,1,screengrabs
a3fc0e20-6057-11f0-9e9a-b189fb7a50d0.png,2,screengrabs
a449863c-6057-11f0-9e9a-b189fb7a50d0.png,3,screengrabs
a495709c-6057-11f0-9e9a-b189fb7a50d0.png,4,screengrabs
a4e2dc7e-6057-11f0-9e9a-b189fb7a50d0.png,5,screengrabs
a52efe88-6057-11f0-9e9a-b189fb7a50d0.png,1,screengrabs
a579b662-6057-11f0-9e9a-b189fb7a50d0.png,2,screengrabs
a5c79e86-6057-11f0-9e9a-b189fb7a50d0.png,3,screengrabs
a61277c6-6057-11f0-9e9a-b189fb7a50d0.png,4,screengrabs
a65f565e-6057-11f0-9e9a-b189fb7a50d0.png,5,screengrabs
a6ac7a4c-6057-11f0-9e9a-b189fb7a50d0.png,1,screengrabs
a6f7fcec-6057-11f0-9e9a-b189fb7a50d0.png,2,screengrabs
a744199c-6057-11f0-9e9a-b189fb7a50d0.png,3,screengrabs
a78fcce8-6057-11f0-9e9a-b189fb7a50d0.png,4,screengrabs
a7dc7d36-6057-11f0-9e9a-b189fb7a50d0.png,5,screengrabs
a827908c-6057-11f0-9e9a-b189fb7a50d0.png,1,screengrabs
a8750a88-6057-11f0-9e9a-b189fb7a50d0.png,2,screengrabs
a8c2f8f6-6057-11f0-9e9a-b189fb7a50d0.png,3,screengrabs
a90d69e0-6057-11f0-9e9a-b189fb7a50d0.png,4,screengrabs
a959e220-6057-11f0-9e9a-b189fb7a50d0.png,5,screengrabs
a9a59300-6057-11f0-9e9a-b189fb7a50d0.png,1,screengrabs
a9f24e48-6057-11f0-9e9a-b189fb7a50d0.png,2,screengrabs
aa3f116a-6057-11f0-9e9a-b189fb7a50d0.png,3,screengrabs
aa8a739e-6057-11f0-9e9a-b189fb7a50d0.png,4,screengrabs
aad8230a-6057-11f0-9e9a-b189fb7a50d0.png,5,screengrabs
ab245040-6057-11f0-9e9a-b189fb7a50d0.png,1,screengrabs
ab6f908c-6057-11f0-9e9a-b189fb7a50d0.png,2,screengrabs
abbbd492-6057-11f0-9e9a-b189fb7a50d0.png,3,screengrabs
ac05df10-6057-11f0-9e9a-b189fb7a50d0.png,4,screengrabs
ac54a00a-6057-11f0-9e9a-b189fb7a50d0.png,5,screengrabs
aca1b750-6057-11f0-9e9a-b189fb7a50d0.png,1,screengrabs
acec229a-6057-11f0-9e9a-b189fb7a50d0.png,2,screengrabs
ad3a46be-6057-11f0-9e9a-b189fb7a50d0.png,3,screengrabs
ad860612-6057-11f0-9e9a-b189fb7a50d0.png,4,screengrabs
add27312-6057-11f0-9e9a-b189fb7a50d0.png,5,screengrabs
ae1f10f0-6057-11f0-9e9a-b189fb7a50d0.png,1,screengrabs
ae6abf50-6057-11f0-9e9a-b189fb7a50d0.png,2,screengrabs
aeb8fb34-6057-11f0-9e9a-b189fb7a50d0.png,3,screengrabs
af032812-6057-11f0-9e9a-b189fb7a50d0.png,4,screengrabs
af4f5764-6057-11f0-9e9a-b189fb7a50d0.png,5,screengrabs
afa01bcc-6057-11f0-9e9a-b189fb7a50d0.png,1,screengrabs
afea2fc8-6057-11f0-9e9a-b189fb7a50d0.png,2,screengrabs
b0347632-6057-11f0-9e9a-b189fb7a50d0.png,3,screengrabs
b0824056-6057-11f0-9e9a-b189fb7a50d0.png,4,screengrabs
b0cd5c62-6057-11f0-9e9a-b189fb7a50d0.png,5,screengrabs
b11ae57c-6057-11f0-9e9a-b189fb7a50d0.png,1,screengrabs
b1655e40-6057-11f0-9e9a-b189fb7a50d0.png,2,screengrabs
b1b4a680-6057-11f0-9e9a-b189fb7a50d0.png,3,screengrabs
b1fde28c-6057-11f0-9e9a-b189fb7a50d0.png,4,screengrabs
b2483c24-6057-11f0-9e9a-b189fb7a50d0.png,5,screengrabs
b2967ae2-6057-11f0-9e9a-b189fb7a50d0.png,1,screengrabs
b2e28a40-6057-11f0-9e9a-b189fb7a50d0.png,2,screengrabs
b32f687e-6057-11f0-9e9a-b189fb7a50d0.png,3,screengrabs
b37d0f52-6057-11f0-9e9a-b189fb7a50d0.png,4,screengrabs
b3c825b4-6057-11f0-9e9a-b189fb7a50d0.png,5,screengrabs
b414ae5c-6057-11f0-9e9a-b189fb7a50d0.png,1,screengrabs
b460de76-6057-11f0-9e9a-b189fb7a50d0.png,2,screengrabs
b4ad27cc-6057-11f0-9e9a-b189fb7a50d0.png,3,screengrabs
b4f8bc64-6057-11f0-9e9a-b189fb7a50d0.png,4,screengrabs
b5454de0-6057-11f0-9e9a-b189fb7a50d0.png,5,screengrabs
b5931a02-6057-11f0-9e9a-b189fb7a50d0.png,1,screengrabs
b5df1ef2-6057-11f0-9e9a-b189fb7a50d0.png,2,screengrabs
b627ea42-6057-11f0-9e9a-b189fb7a50d0.png,3,screengrabs
b675e166-6057-11f0-9e9a-b189fb7a50d0.png,4,screengrabs
b6c2e0ce-6057-11f0-9e9a-b189fb7a50d0.png,5,screengrabs
b710361c-6057-11f0-9e9a-b189fb7a50d0.png,1,screengrabs
b75b6ce0-6057-11f0-9e9a-b189fb7a50d0.png,2,screengrabs
b7aa76f0-6057-11f0-9e9a-b189fb7a50d0.png,3,screengrabs
b7f3fb04-6057-11f0-9e9a-b189fb7a50d0.png,4,screengrabs
b8407cb8-6057-11f0-9e9a-b189fb7a50d0.png,5,screengrabs
b88beefa-6057-11f0-9e9a-b189fb7a50d0.png,1,screengrabs
b8d91d56-6057-11f0-9e9a-b189fb7a50d0.png,2,screengrabs
b924df20-6057-11f0-9e9a-b189fb7a50d0.png,3,screengrabs
b971f5da-6057-11f0-9e9a-b189fb7a50d0.png,4,screengrabs
b9bd2096-6057-11f0-9e9a-b189fb7a50d0.png,5,screengrabs
ba0ae150-6057-11f0-9e9a-b189fb7a50d0.png,1,screengrabs
ba58454e-6057-11f0-9e9a-b189fb7a50d0.png,2,screengrabs
baa8bcb8-6057-11f0-9e9a-b189fb7a50d0.png,3,screengrabs
baee7820-6057-11f0-9e9a-b189fb7a50d0.png,4,screengrabs
bb3dda14-6057-11f0-9e9a-b189fb7a50d0.png,5,screengrabs
bb8977a8-6057-11f0-9e9a-b189fb7a50d0.png,1,screengrabs
bbd962a4-6057-11f0-9e9a-b189fb7a50d0.png,2,screengrabs
bc1ffb9c-6057-11f0-9e9a-b189fb7a50d0.png,3,screengrabs
bc6f7ea6-6057-11f0-9e9a-b189fb7a50d0.png,4,screengrabs
bcb88df8-6057-11f0-9e9a-b189fb7a50d0.png,5,screengrabs
bd095d5a-6057-11f0-9e9a-b189fb7a50d0.png,1,screengrabs
bd508ee6-6057-11f0-9e9a-b189fb7a50d0.png,2,screengrabs
bda2c8a0-6057-11f0-9e9a-b189fb7a50d0.png,3,screengrabs
bdeb98be-6057-11f0-9e9a-b189fb7a50d0.png,4,screengrabs
be36bfc4-6057-11f0-9e9a-b189fb7a50d0.png,5,screengrabs
be8390c4-6057-11f0-9e9a-b189fb7a50d0.png,1,screengrabs
bed10f2a-6057-11f0-9e9a-b189fb7a50d0.png,2,screengrabs
bf1d16f4-6057-11f0-9e9a-b189fb7a50d0.png,3,screengrabs
bf690da2-6057-11f0-9e9a-b189fb7a50d0.png,4,screengrabs
bfb360e6-6057-11f0-9e9a-b189fb7a50d0.png,5,screengrabs
c0014a0e-6057-11f0-9e9a-b189fb7a50d0.png,1,screengrabs
c04d2f8c-6057-11f0-9e9a-b189fb7a50d0.png,2,screengrabs
c09c509e-6057-11f0-9e9a-b189fb7a50d0.png,3,screengrabs
c0e2b7be-6057-11f0-9e9a-b189fb7a50d0.png,4,screengrabs
c13104be-6057-11f0-9e9a-b189fb7a50d0.png,5,screengrabs
c17d4b3a-6057-11f0-9e9a-b189fb7a50d0.png,1,screengrabs
c1cb32c8-6057-11f0-9e9a-b189fb7a50d0.png,2,screengrabs
c215b12c-6057-11f0-9e9a-b189fb7a50d0.png,3,screengrabs
c2633852-6057-11f0-9e9a-b189fb7a50d0.png,4,screengrabs
c2af9fb2-6057-11f0-9e9a-b189fb7a50d0.png,5,screengrabs
c2fb41b0-6057-11f0-9e9a-b189fb7a50d0.png,1,screengrabs
c348093c-6057-11f0-9e9a-b189fb7a50d0.png,2,screengrabs
c3940fb2-6057-11f0-9e9a-b189fb7a50d0.png,3,screengrabs
c3def266-6057-11f0-9e9a-b189fb7a50d0.png,4,screengrabs
c42b5020-6057-11f0-9e9a-b189fb7a50d0.png,5,screengrabs
c4784880-6057-11f0-9e9a-b189fb7a50d0.png,1,screengrabs
c4c2fe48-6057-11f0-9e9a-b189fb7a50d0.png,2,screengrabs
c5100eea-6057-11f0-9e9a-b189fb7a50d0.png,3,screengrabs
c55d52a4-6057-11f0-9e9a-b189fb7a50d0.png,4,screengrabs
c5a97120-6057-11f0-9e9a-b189fb7a50d0.png,5,screengrabs
c5f5c700-6057-11f0-9e9a-b189fb7a50d0.png,1,screengrabs
c640e47e-6057-11f0-9e9a-b189fb7a50d0.png,2,screengrabs
c68fd4c6-6057-11f0-9e9a-b189fb7a50d0.png,3,screengrabs
c6da8bba-6057-11f0-9e9a-b189fb7a50d0.png,4,screengrabs
c727079c-6057-11f0-9e9a-b189fb7a50d0.png,5,screengrabs
c7730750-6057-11f0-9e9a-b189fb7a50d0.png,1,screengrabs
c7c036d8-6057-11f0-9e9a-b189fb7a50d0.png,2,screengrabs
c80bc670-6057-11f0-9e9a-b189fb7a50d0.png,3,screengrabs
c858a1ac-6057-11f0-9e9a-b189fb7a50d0.png,4,screengrabs
c8a3d7d0-6057-11f0-9e9a-b189fb7a50d0.png,5,screengrabs
c8f0d954-6057-11f0-9e9a-b189fb7a50d0.png,1,screengrabs
c939d0be-6057-11f0-9e9a-b189fb7a50d0.png,2,screengrabs
c988bd50-6057-11f0-9e9a-b189fb7a50d0.png,3,screengrabs
c9d2f76c-6057-11f0-9e9a-b189fb7a50d0.png,4,screengrabs
ca223476-6057-11f0-9e9a-b189fb7a50d0.png,5,screengrabs
ca6dd3fe-6057-11f0-9e9a-b189fb7a50d0.png,1,screengrabs
cabc3170-6057-11f0-9e9a-b189fb7a50d0.png,2,screengrabs
cb0652a0-6057-11f0-9e9a-b189fb7a50d0.png,3,screengrabs
cb539a24-6057-11f0-9e9a-b189fb7a50d0.png,4,screengrabs
cb9eda34-6057-11f0-9e9a-b189fb7a50d0.png,5,screengrabs
cbebb08e-6057-11f0-9e9a-b189fb7a50d0.png,1,screengrabs
cc37e404-6057-11f0-9e9a-b189fb7a50d0.png,2,screengrabs
cc86341a-6057-11f0-9e9a-b189fb7a50d0.png,3,screengrabs
ccd0b166-6057-11f0-9e9a-b189fb7a50d0.png,4,screengrabs
cd1aad48-6057-11f0-9e9a-b189fb7a50d0.png,5,screengrabs
cd687820-6057-11f0-9e9a-b189fb7a50d0.png,1,screengrabs
cdb587fa-6057-11f0-9e9a-b189fb7a50d0.png,2,screengrabs
ce0131b4-6057-11f0-9e9a-b189fb7a50d0.png,3,screengrabs
ce4e8086-6057-11f0-9e9a-b189fb7a50d0.png,4,screengrabs
ce99e9f4-6057-11f0-9e9a-b189fb7a50d0.png,5,screengrabs
cee5e9d0-6057-11f0-9e9a-b189fb7a50d0.png,1,screengrabs
cf3242b2-6057-11f0-9e9a-b189fb7a50d0.png,2,screengrabs
cf807478-6057-11f0-9e9a-b189fb7a50d0.png,3,screengrabs
cfcbb424-6057-11f0-9e9a-b189fb7a50d0.png,4,screengrabs
d0175b2c-6057-11f0-9e9a-b189fb7a50d0.png,5,screengrabs
d063a8ba-6057-11f0-9e9a-b189fb7a50d0.png,1,screengrabs
d0b315b2-6057-11f0-9e9a-b189fb7a50d0.png,2,screengrabs
d0fbe6fc-6057-11f0-9e9a-b189fb7a50d0.png,3,screengrabs
d1485cd0-6057-11f0-9e9a-b189fb7a50d0.png,4,screengrabs
d194dd94-6057-11f0-9e9a-b189fb7a50d0.png,5,screengrabs
d1e29dd6-6057-11f0-9e9a-b189fb7a50d0.png,1,screengrabs
d22dadda-6057-11f0-9e9a-b189fb7a50d0.png,2,screengrabs
d27bb480-6057-11f0-9e9a-b189fb7a50d0.png,3,screengrabs
d2c627d6-6057-11f0-9e9a-b189fb7a50d0.png,4,screengrabs
d311eefa-6057-11f0-9e9a-b189fb7a50d0.png,5,screengrabs
d35c4e32-6057-11f0-9e9a-b189fb7a50d0.png,1,screengrabs
d3ab36fa-6057-11f0-9e9a-b189fb7a50d0.png,2,screengrabs
d3f751b6-6057-11f0-9e9a-b189fb7a50d0.png,3,screengrabs
d444330a-6057-11f0-9e9a-b189fb7a50d0.png,4,screengrabs
d4905028-6057-11f0-9e9a-b189fb7a50d0.png,5,screengrabs
d4dcc6d8-6057-11f0-9e9a-b189fb7a50d0.png,1,screengrabs
d52929a6-6057-11f0-9e9a-b189fb7a50d0.png,2,screengrabs
d5744d32-6057-11f0-9e9a-b189fb7a50d0.png,3,screengrabs
d5c14a10-6057-11f0-9e9a-b189fb7a50d0.png,4,screengrabs
d60dc7f0-6057-11f0-9e9a-b189fb7a50d0.png,5,screengrabs
d659d17c-6057-11f0-9e9a-b189fb7a50d0.png,1,screengrabs
d6a57e2e-6057-11f0-9e9a-b189fb7a50d0.png,2,screengrabs
d6f1b0c8-6057-11f0-9e9a-b189fb7a50d0.png,3,screengrabs
d73d2c24-6057-11f0-9e9a-b189fb7a50d0.png,4,screengrabs
d78ae4d2-6057-11f0-9e9a-b189fb7a50d0.png,5,screengrabs
d7d5ae36-6057-11f0-9e9a-b189fb7a50d0.png,1,screengrabs
d823cbc0-6057-11f0-9e9a-b189fb7a50d0.png,2,screengrabs
d86cfca0-6057-11f0-9e9a-b189fb7a50d0.png,3,screengrabs
d8bbb304-6057-11f0-9e9a-b189fb7a50d0.png,4,screengrabs
d907df5e-6057-11f0-9e9a-b189fb7a50d0.png,5,screengrabs
d9549fe2-6057-11f0-9e9a-b189fb7a50d0.png,1,screengrabs
d9a1f13e-6057-11f0-9e9a-b189fb7a50d0.png,2,screengrabs
d9ee2aae-6057-11f0-9e9a-b189fb7a50d0.png,3,screengrabs
da3996ce-6057-11f0-9e9a-b189fb7a50d0.png,4,screengrabs
da864604-6057-11f0-9e9a-b189fb7a50d0.png,5,screengrabs
dad52de6-6057-11f0-9e9a-b189fb7a50d0.png,1,screengrabs
db1ca1bc-6057-11f0-9e9a-b189fb7a50d0.png,2,screengrabs
db6bd8b8-6057-11f0-9e9a-b189fb7a50d0.png,3,screengrabs
dbb66ea0-6057-11f0-9e9a-b189fb7a50d0.png,4,screengrabs
dc03321c-6057-11f0-9e9a-b189fb7a50d0.png,5,screengrabs
dc500196-6057-11f0-9e9a-b189fb7a50d0.png,1,screengrabs
dc9cae10-6057-11f0-9e9a-b189fb7a50d0.png,2,screengrabs
dce5f9f8-6057-11f0-9e9a-b189fb7a50d0.png,3,screengrabs
dd34efe0-6057-11f0-9e9a-b189fb7a50d0.png,4,screengrabs
dd801ede-6057-11f0-9e9a-b189fb7a50d0.png,5,screengrabs
ddcc6db6-6057-11f0-9e9a-b189fb7a50d0.png,1,screengrabs
de1a7ad8-6057-11f0-9e9a-b189fb7a50d0.png,2,screengrabs
de674034-6057-11f0-9e9a-b189fb7a50d0.png,3,screengrabs
deb1ef3a-6057-11f0-9e9a-b189fb7a50d0.png,4,screengrabs
deff24ee-6057-11f0-9e9a-b189fb7a50d0.png,5,screengrabs
df49fed8-6057-11f0-9e9a-b189fb7a50d0.png,1,screengrabs
df977a82-6057-11f0-9e9a-b189fb7a50d0.png,2,screengrabs
dfe57be2-6057-11f0-9e9a-b189fb7a50d0.png,3,screengrabs
e02f38b8-6057-11f0-9e9a-b189fb7a50d0.png,4,screengrabs
e07b3042-6057-11f0-9e9a-b189fb7a50d0.png,5,screengrabs
e0c8deb4-6057-11f0-9e9a-b189fb7a50d0.png,1,screengrabs
e114093e-6057-11f0-9e9a-b189fb7a50d0.png,2,screengrabs
e16135d8-6057-11f0-9e9a-b189fb7a50d0.png,3,screengrabs
e1ac5ca2-6057-11f0-9e9a-b189fb7a50d0.png,4,screengrabs
e1f9fc46-6057-11f0-9e9a-b189fb7a50d0.png,5,screengrabs
e2460ad2-6057-11f0-9e9a-b189fb7a50d0.png,1,screengrabs
e292165c-6057-11f0-9e9a-b189fb7a50d0.png,2,screengrabs
e2de3636-6057-11f0-9e9a-b189fb7a50d0.png,3,screengrabs
e32b42b4-6057-11f0-9e9a-b189fb7a50d0.png,4,screengrabs
e3772382-6057-11f0-9e9a-b189fb7a50d0.png,5,screengrabs
e3c2ee20-6057-11f0-9e9a-b189fb7a50d0.png,1,screengrabs
e40fabca-6057-11f0-9e9a-b189fb7a50d0.png,2,screengrabs
e459d7ea-6057-11f0-9e9a-b189fb7a50d0.png,3,screengrabs
e4a8251c-6057-11f0-9e9a-b189fb7a50d0.png,4,screengrabs
e4f40b8a-6057-11f0-9e9a-b189fb7a50d0.png,5,screengrabs
e540982e-6057-11f0-9e9a-b189fb7a50d0.png,1,screengrabs
e58d8666-6057-11f0-9e9a-b189fb7a50d0.png,2,screengrabs
e5da0324-6057-11f0-9e9a-b189fb7a50d0.png,3,screengrabs
e6270bec-6057-11f0-9e9a-b189fb7a50d0.png,4,screengrabs
e671bd36-6057-11f0-9e9a-b189fb7a50d0.png,5,screengrabs
e6bc5044-6057-11f0-9e9a-b189fb7a50d0.png,1,screengrabs
e70a63a6-6057-11f0-9e9a-b189fb7a50d0.png,2,screengrabs
e7576ebc-6057-11f0-9e9a-b189fb7a50d0.png,3,screengrabs
